fpr,tpr
0.0,0.0
0.34408602150537637,0.3411764705882353
0.44086021505376344,0.5411764705882353
0.6344086021505376,0.7411764705882353
1.0,1.0
