fpr,tpr
0.0,0.0
0.6344086021505376,0.7411764705882353
1.0,1.0
